0xflotus <0xflotus@gmail.com>  0xflotus <0xflotus@gmail.com> 
a09631 <a09631@users.noreply.github.com>  a09631 <a09631@users.noreply.github.com> 
ac74475 <ac74475@users.noreply.github.com>  ac74475 <ac74475@users.noreply.github.com> 
ak8532110 <ak8532110@users.noreply.github.com>  ak8532110 <ak8532110@users.noreply.github.com> 
Amanda Helliwell <amanda.helliwell.3@gmail.com>  Amanda Helliwell <amanda.helliwell.3@gmail.com> 
Arijit Datta from Kolkata <arijitdatta.kolkata@gmail.com>  Arijit Datta from Kolkata <arijitdatta.kolkata@gmail.com> 
Ben <fletchb1@aston.ac.uk>  Ben <fletchb1@aston.ac.uk> 
benj-fletch <1Likegithub>  benj-fletch <1Likegithub> 
benj-fletch <benj-fletch@users.noreply.github.com>  benj-fletch <benj-fletch@users.noreply.github.com> 
c015dariu <47317152+c015dariu@users.noreply.github.com>  c015dariu <47317152+c015dariu@users.noreply.github.com> 
ctas582 <ctas582@gmail.com>  ctas582 <ctas582@gmail.com> 
ctas582 <ctas582@users.noreply.github.com>  ctas582 <ctas582@users.noreply.github.com> 
d21211122 <d21211122@users.noreply.github.com>  d21211122 <d21211122@users.noreply.github.com> 
d47853 <d47853@users.noreply.github.com>  d47853 <d47853@users.noreply.github.com> 
dependabot[bot] <49699333+dependabot[bot]@users.noreply.github.com>  dependabot[bot] <49699333+dependabot[bot]@users.noreply.github.com> 
dev <dev@users.noreply.github.com>  dev <dev@users.noreply.github.com> 
g609bmsma <47322193+g609bmsma@users.noreply.github.com>  g609bmsma <47322193+g609bmsma@users.noreply.github.com> 
Gaffer <github-actions@github.com>  Gaffer <github-actions@github.com> 
gaffer01 <gaffer01@users.noreply.github.com>  gaffer01 <gaffer01@users.noreply.github.com> 
GCHQ-11 <gchq.developer.11@gmail.com>  GCHQ-11 <gchq.developer.11@gmail.com> 
GCHQ-11 <gchq.developer.11@gmail.com>  GCHQ-11 <GCHQ-11@users.noreply.github.com>
GCHQ-11 <gchq.developer.11@gmail.com>  Joe <gchq.developer.11@gmail.com>
gchq-21716 <47976528+gchq-21716@users.noreply.github.com>  gchq-21716 <47976528+gchq-21716@users.noreply.github.com> 
gchqdev03 <gchqdev03@gmail.com>  gchqdev03 <gchqdev03@gmail.com> 
gchqdev03 <gchqdev03@gmail.com>  gchqdev03 <gchqdev03@users.noreply.github.com>
GCHQDev404 <gchqdev404@gmail.com>  GCHQDev404 <gchqdev404@gmail.com> 
GCHQDev404 <gchqdev404@gmail.com>  GCHQDev404 <45399082+GCHQDev404@users.noreply.github.com>
gchqdeveloper1 <gchqdeveloper1@users.noreply.github.com>  gchqdeveloper1 <gchqdeveloper1@users.noreply.github.com> 
GCHQDeveloper404 <GCHQDev404@gmail.com>  GCHQDeveloper404 <GCHQDev404@gmail.com> 
GCHQDeveloper404 <GCHQDeveloper404@users.noreply.github.com>  GCHQDeveloper404 <GCHQDeveloper404@users.noreply.github.com> 
github-actions[bot] <41898282+github-actions[bot]@users.noreply.github.com>  github-actions[bot] <41898282+github-actions[bot]@users.noreply.github.com> 
james010101101 <james010101101@users.noreply.github.com>  james010101101 <james010101101@users.noreply.github.com> 
javadev001001 <javadev014841@gmail.com>  javadev001001 <javadev014841@gmail.com> 
lucean <lucean@users.noreply.github.com>  lucean <lucean@users.noreply.github.com> 
m29827 <m00029827@gmail.com>  m29827 <m00029827@gmail.com> 
m29827 <m00029827@gmail.com>  m29827 <62667809+m29827@users.noreply.github.com>
m316257 <m316257>  m316257 <m316257> 
m316257 <m316257>  m316257 <m316257@users.noreply.github.com>
m55624 <max.m@gchq.gov.uk>  m55624 <max.m@gchq.gov.uk> 
m55624 <max.m@gchq.gov.uk>  m55624 <29117199+m55624@users.noreply.github.com>
m55624 <max.m@gchq.gov.uk>  m55624 <m55624@users.noreply.github.com>
m607123 <m607123@users.noreply.github.com>  m607123 <m607123@users.noreply.github.com> 
m607123 <m607123@users.noreply.github.com>  m607123 <30293587+m607123@users.noreply.github.com>
macenturalxl1 <60737474+macenturalxl1@users.noreply.github.com>  macenturalxl1 <60737474+macenturalxl1@users.noreply.github.com> 
morrme <morrme@users.noreply.github.com>  morrme <morrme@users.noreply.github.com> 
n288TJYRX <47216093+n288TJYRX@users.noreply.github.com>  n288TJYRX <47216093+n288TJYRX@users.noreply.github.com> 
Nick Allen <nick@nickallen.org>  Nick Allen <nick@nickallen.org> 
Nik Gil <ngilevskiy@gmail.com>  Nik Gil <ngilevskiy@gmail.com> 
Nik Gil <ngilevskiy@gmail.com>  Nik Gil <nikmanG@users.noreply.github.com>
p013570 <p013570@users.noreply.github.com>  p013570 <p013570@users.noreply.github.com> 
p3430233 <61738524+p3430233@users.noreply.github.com>  p3430233 <61738524+p3430233@users.noreply.github.com> 
perminder.s <perminder.s@edgenetworks.in>  perminder.s <perminder.s@edgenetworks.in> 
Phosphor Bronze <60354425+phosphorbronze50@users.noreply.github.com>  Phosphor Bronze <60354425+phosphorbronze50@users.noreply.github.com> 
PiSolve <renuyadav20@gmail.com>  PiSolve <renuyadav20@gmail.com> 
r32575 <63105662+r32575@users.noreply.github.com>  r32575 <63105662+r32575@users.noreply.github.com> 
saksham93 <37399540+saksham93@users.noreply.github.com>  saksham93 <37399540+saksham93@users.noreply.github.com> 
Sarthak Kapoor <sarthakkapoor76@gmail.com>  Sarthak Kapoor <sarthakkapoor76@gmail.com> 
supamanda <supamanda@users.noreply.github.com>  supamanda <supamanda@users.noreply.github.com> 
Supreeth Baliga <42595858+SupreethBaliga@users.noreply.github.com>  Supreeth Baliga <42595858+SupreethBaliga@users.noreply.github.com> 
sw96411 <73844358+sw96411@users.noreply.github.com>  sw96411 <73844358+sw96411@users.noreply.github.com> 
t616178 <t616178@users.noreply.github.com>  t616178 <t616178@users.noreply.github.com> 
t92549 <80890692+t92549@users.noreply.github.com>  t92549 <80890692+t92549@users.noreply.github.com> 
Travis CI User <travis@example.org>  Travis CI User <travis@example.org> 
w122stern <49156501+w122stern@users.noreply.github.com>  w122stern <49156501+w122stern@users.noreply.github.com> 
